,name,price,breadcrumb,reference
0,Romillé,£602, France > Brittany > ROMILLE , REF: BI6068 
1,St Guyomard,£623, France > Brittany > SAINT-GUYOMARD , REF: BM6088 
2,Cancale,£626, France > Brittany > CANCALE , REF: BI6067 
3,Lanvenegen,£636, France > Brittany > LANVENEGEN , REF: BM6002 
4,Pluméliau,£649, France > Brittany > PLUMELIAU , REF: BM2509 
5,Guidel,£662, France > Brittany > GUIDEL , REF: BM6057 
6,"Kergo-Pel, Inzinzac Lochrist",£664, France > Brittany > INZINZAC-LOCHRIST , REF: BM1284 
7,"La Guyondaye, Caro",£671, France > Brittany > CARO , REF: BM5308 
8,"Keranezo, Marzan",£685, France > Brittany > MARZAN , REF: BM5493 
9,Vignoc,£696, France > Brittany > VIGNOC , REF: BI6065 
10,"Kerbodo, Limerzel",£708, France > Brittany > LIMERZEL , REF: BM5490 
11,St Germain en Coglès,£742, France > Brittany > SAINT-GERMAIN-EN-COGLES , REF: BI6037 
12,Grandchamp,£742, France > Brittany > GRAND-CHAMP , REF: BM6106 
13,Coesmes,£765, France > Brittany > COESMES , REF: BI6123 
14,"La Ville Hernier, St Coulomb",£800, France > Brittany > SAINT COULOMB , REF: BI6080 
15,Valcaba de Soba,£855, Spain > Cantabria > VALCABA DE SOBA , REF: ZS0039 
16,Pesaguero,£876, Spain > Cantabria > PESAGUERO , REF: ZS0173 
17,Erdeven,£880, France > Brittany > ERDEVEN , REF: BM6060 
18,Luriezo,£893, Spain > Cantabria > LURIEZO , REF: ZS0105 
19,Barrio Palacio,£897, Spain > Cantabria > BARRIO PALACIO , REF: ZS0423 
20,Erdeven,£897, France > Brittany > ERDEVEN , REF: BM6061 
21,La Chapelle Chaussée,£915, France > Brittany > LA CHAPELLE CHAUSSEE , REF: BI6108 
22,"La Roche, Guillac",£915, France > Brittany > GUILLAC , REF: BM6012 
23,Viaña,£918, Spain > Cantabria > VEGA DE PAS - VIANA , REF: ZS0442 
24,Gajano,£932, Spain > Cantabria > GAJANO , REF: ZS0312 
25,Obregón - Cabárceno,£953, Spain > Cantabria > OBREGON , REF: ZS0465 
26,Pedreña,£960, Spain > Cantabria > PEDRENA , REF: ZS0382 
27,Camaleño,£967, Spain > Cantabria > CAMALENO , REF: ZS0222 
28,"Penhoët, Kervignac",£972, France > Brittany > KERVIGNAC , REF: BM3266 
29,Luriezo,£988, Spain > Cantabria > LURIEZO , REF: ZS0141 
30,Loredo,£988, Spain > Cantabria > LOREDO , REF: ZS0446 
31,Loredo,£988, Spain > Cantabria > LOREDO , REF: ZS0447 
32,San Pedro de Rudagüera,£988, Spain > Cantabria > SAN PEDRO DE RUDAGUERA , REF: ZS0456 
33,Entrambasaguas,£995, Spain > Cantabria > ENTRAMBASAGUAS , REF: ZS0496 
34,Guemes,"£1,009", Spain > Cantabria > GUEMES , REF: ZS0085 
35,Coo,"£1,009", Spain > Cantabria > COO , REF: ZS0322 
36,Seña,"£1,009", Spain > Cantabria > LIMPIAS-SENA , REF: ZS0440 
37,Comillas,"£1,016", Spain > Cantabria > COMILLAS , REF: ZS0193 
38,Caudan,"£1,031", France > Brittany > CAUDAN , REF: BM6096 
39,Gajano,"£1,037", Spain > Cantabria > GAJANO , REF: ZS0311 
40,Luriezo,"£1,051", Spain > Cantabria > LURIEZO , REF: ZS0519 
41,Marcillé Robert,"£1,065", France > Brittany > MARCILLE ROBERT , REF: BI6015 
42,Carandia,"£1,087", Spain > Cantabria > CARANDIA , REF: ZS0042 
43,Carandia,"£1,087", Spain > Cantabria > CARANDIA , REF: ZS0056 
44,Gajano,"£1,093", Spain > Cantabria > GAJANO , REF: ZS0151 
45,Luriezo,"£1,093", Spain > Cantabria > LURIEZO , REF: ZS0154 
46,Soto Iruz,"£1,093", Spain > Cantabria > SOTO IRUZ , REF: ZS0157 
47,Navajeda,"£1,107", Spain > Cantabria > NAVAJEDA , REF: ZS0356 
